level,unit,word,translation
1,1,alligator,短吻鳄
1,1,ant,蚂蚁
1,1,apple,苹果
1,1,ax,斧子
1,1,banana,香蕉
1,1,bear,熊
1,1,bed,床（位）
1,1,bird,小鸟
1,1,car,小汽车
1,1,cat,猫
1,1,computer,计算机
1,1,cup,杯子
1,2,desk,书桌
1,2,dog,狗
1,2,doll,洋娃娃
1,2,duck,鸭子
1,2,egg,卵
1,2,elbow,肘（部）
1,2,elephant,象
1,2,envelope,信封
1,2,fan,风扇
1,2,farm,农场
1,2,fish,鱼（肉）
1,2,fork,叉子
1,3,gift,礼物
1,3,girl,女孩
1,3,goat,山羊
1,3,gorilla,大猩猩
1,3,hat,帽子
1,3,horse,马
1,3,hot dog,<口>热狗（一种中间夹有熏红肠并配有芥菜
1,3,house,房屋
1,3,igloo,圆顶小屋
1,3,iguana,鬣鳞蜥（产于中美洲和南美洲）
1,3,ink,墨水
1,3,insect,昆虫
1,4,jacket,短上衣
1,4,jam,果酱
1,4,jet,喷嘴
1,4,juice,果汁
1,4,kangaroo,[动]袋鼠
1,4,key,钥匙
1,4,king,国王
1,4,kite,风筝
1,4,lamp,灯
1,4,leaf,叶子
1,4,lemon,柠檬
1,4,lion,狮子
1,5,milk,奶
1,5,money,钱
1,5,monkey,猴子
1,5,mouse,老鼠
1,5,nest,巢
1,5,net,网
1,5,nose,鼻子
1,5,nut,坚果（仁）
1,5,octopus,章鱼
1,5,olive,橄榄
1,5,ostrich,鸵鸟
1,5,ox,去势公牛
1,6,panda,大熊猫
1,6,peach,桃子
1,6,pen,笔
1,6,pineapple,菠萝
1,6,queen,女王
1,6,question,问题
1,6,quilt,被子
1,6,quiz,问答比赛
1,6,rabbit,兔子
1,6,rice,稻
1,6,robot,机器人
1,6,rose,玫瑰
1,7,seal,印章
1,7,soap,肥皂
1,7,socks,袜子（sock的复数）
1,7,sun,太阳
1,7,teacher,老师
1,7,tent,帐篷
1,7,tiger,老虎
1,7,turtle,海龟
1,7,umbrella,雨伞
1,7,umpire,裁判
1,7,uncle,叔叔
1,7,up,向上
1,7,van,先锋
1,7,vest,马甲
1,7,vet,兽医
1,7,violin,小提琴
1,8,box,盒子
1,8,fox,狐
1,8,six,六
1,8,watch,看
1,8,water,水
1,8,wax,蜡
1,8,web,蜘蛛网
1,8,wolf,狼
1,8,yacht,帆船
1,8,yak,牦牛
1,8,yogurt,酸奶
1,8,yo-yo,溜溜球（一种线轴般的玩具）
1,8,zebra,斑马
1,8,zero,零
1,8,zipper,拉锁
1,8,zoo,动物园
2,1,ant,蚂蚁
2,1,ax,斧子
2,1,can,能
2,1,cat,猫
2,1,dam,坝
2,1,fan,风扇
2,1,jam,果酱
2,1,man,成年男子
2,1,pan,平底锅
2,1,ram,公羊
2,1,yak,牦牛
2,1,yam,薯蓣
2,2,bag,包
2,2,bat,球棒
2,2,cap,帽子
2,2,dad,爸爸
2,2,hat,帽子
2,2,map,地图
2,2,mat,席子
2,2,nap,小睡
2,2,pad,软垫
2,2,rag,破布
2,2,rat,大老鼠
2,2,tap,龙头
2,3,bed,床（位）
2,3,egg,卵
2,3,hen,母鸡
2,3,jet,喷嘴
2,3,net,网
2,3,pen,笔
2,3,pet,宠物
2,3,red,红色
2,3,ten,十个人
2,3,vet,兽医
2,3,web,蜘蛛网
2,3,wet,湿的
2,4,bib,围嘴
2,4,hip,臀部
2,4,in,在内的
2,4,ink,墨水
2,4,kid,小孩
2,4,lid,盖（子）
2,4,lip,嘴唇
2,4,rib,肋骨
2,4,rip,裂口
2,4,sip,小口喝
2,4,tip,尖/顶端
2,4,zip,<英>拉链
2,5,big,大的
2,5,bin,垃圾桶
2,5,dig,考古发掘
2,5,fig,无花果
2,5,fin,鱼鳍
2,5,hit,打
2,5,mix,混合
2,5,pin,钉
2,5,pit,井
2,5,six,六
2,5,wig,假发
2,5,win,赢（得）
2,6,cot,小床
2,6,dot,点
2,6,fox,狐
2,6,hop,跳舞
2,6,hot,热的
2,6,log,记录
2,6,mop,拖把
2,6,ox,去势公牛
2,6,pop,流行音乐的
2,6,pot,罐
2,6,rod,杆
2,6,top,顶（端）
2,7,bud,芽
2,7,bug,虫子
2,7,cup,杯子
2,7,hug,拥抱
2,7,jug,<英>（有柄有嘴的）壶
2,7,mud,泥
2,7,mug,马克杯
2,7,pup,小狗
2,7,rug,小块地毯
2,7,sun,太阳
2,7,up,向上
2,8,bun,小圆面包
2,8,cub,幼兽
2,8,cut,伤口
2,8,fun,乐趣
2,8,gum,口香糖
2,8,hum,哼（曲子）
2,8,hut,小屋
2,8,nut,坚果（仁）
2,8,run,奔跑
2,8,tub,澡盆
3,1,cake,蛋糕
3,1,cane,藤条
3,1,cape,斗篷
3,1,cave,洞穴
3,1,game,游戏
3,1,gate,门
3,1,lake,湖
3,1,mane,鬃毛
3,1,name,名字
3,1,skate,溜冰鞋
3,1,tape,磁带
3,1,wave,波浪
3,2,bike,自行车
3,2,dive,跳水
3,2,fine,罚款
3,2,five,五
3,2,hike,徒步旅行
3,2,kite,风筝
3,2,lime,酸橙
3,2,line,线条
3,2,nine,九
3,2,pine,松树
3,2,ripe,成熟的
3,2,time,时间
3,3,bone,骨（头）
3,3,cone,圆锥体
3,3,cube,立方体
3,3,cute,漂亮迷人的
3,3,home,家
3,3,june,六月
3,3,mule,骡子
3,3,mute,哑巴
3,3,rope,粗绳
3,3,rule,规则
3,3,tube,管
3,3,tune,曲调
3,4,bay,湾
3,4,day,一天
3,4,hay,干草
3,4,mail,邮件
3,4,may,[May]五月
3,4,nail,钉子
3,4,pay,支付
3,4,rain,雨
3,4,sail,帆
3,4,say,发言权
3,4,tail,尾（巴）
3,4,wait,等候
3,5,bee,蜜蜂
3,5,candy,糖果
3,5,eat,吃（饭）
3,5,feet,脚( foot的名词复数 )
3,5,happy,幸福的
3,5,jeep,吉普车
3,5,key,钥匙
3,5,leaf,叶子
3,5,meat,肉
3,5,money,钱
3,5,sea,海（洋）
3,5,seed,种子
3,6,cry,哭
3,6,die,死亡
3,6,high,最高点
3,6,lie,谎言
3,6,light,光
3,6,my,我的
3,6,night,夜间
3,6,pie,馅饼
3,6,right,右边
3,6,sky,天（空）
3,6,spy,间谍
3,6,tie,领带
3,7,boat,船
3,7,bow,鞠躬
3,7,coat,外套
3,7,elbow,肘（部）
3,7,goat,山羊
3,7,pillow,枕头
3,7,road,路
3,7,row,一排/列/行
3,7,soap,肥皂
3,7,toad,蟾蜍
3,7,window,窗
3,7,yellow,黄（色）
3,8,blue,蓝色
3,8,boot,靴子
3,8,clue,线索
3,8,dew,露水
3,8,food,食物
3,8,fruit,成果
3,8,glue,胶水
3,8,moon,月亮
3,8,new,新的
3,8,suit,一套衣服
3,8,tuesday,星期二
3,8,zoo,动物园
4,1,black,黑的
4,1,blanket,毯子
4,1,bride,新娘
4,1,broom,扫帚
4,1,clock,钟
4,1,club,俱乐部
4,1,crab,蟹
4,1,crocodile,鳄鱼（皮）
4,1,flag,旗（帜）
4,1,fly,苍蝇
4,1,glass,玻璃
4,1,globe,地球
4,2,dress,连衣裙
4,2,drum,鼓
4,2,friday,星期五
4,2,frog,青蛙
4,2,grass,草
4,2,green,绿色蔬菜
4,2,plate,盘
4,2,play,玩
4,2,sleep,睡眠
4,2,slide,滑行
4,2,tree,树
4,2,truck,卡车
4,3,fast,禁食期
4,3,smile,微笑
4,3,smoke,烟
4,3,snake,蛇
4,3,snow,雪
4,3,spoon,匙
4,3,spot,地点
4,3,stamp,邮票
4,3,stop,停留
4,3,swim,游泳
4,3,swing,摆动
4,3,test,测试
4,4,brush,刷（子）
4,4,catch,接
4,4,chick,雏鸟
4,4,dolphin,海豚
4,4,fish,鱼（肉）
4,4,lunch,午餐
4,4,phone,电话
4,4,shell,壳
4,4,ship,船
4,4,watch,看
4,4,whale,鲸
4,4,white,白色
4,5,bath,浴缸
4,5,duck,鸭子
4,5,father,父亲
4,5,mother,母亲
4,5,queen,女王
4,5,quilt,被子
4,5,rocket,火箭（弹）
4,5,teeth,牙( tooth的名词复数 )
4,5,that,不那么
4,5,think,想（到）
4,5,this,这样地
4,5,three,三岁
4,6,adult,成年人
4,6,bank,银行
4,6,belt,腰带
4,6,camp,营地
4,6,hand,手
4,6,king,国王
4,6,lamp,灯
4,6,long,长的
4,6,paint,油漆
4,6,pink,粉红色
4,6,tent,帐篷
4,6,wind,风
4,7,desk,书桌
4,7,scale,规模
4,7,school,学校
4,7,skunk,臭鼬
4,7,splash,稀里哗啦地溅落
4,7,splint,夹板
4,7,spray,水花
4,7,spring,春天
4,7,square,正方形
4,7,squid,乌贼
4,7,string,细绳
4,7,strong,强的
4,8,cage,笼子
4,8,cell phone,手机：一种便携式的通常无线的电话
4,8,cheese,奶酪
4,8,city,城市
4,8,giant,巨人
4,8,giraffe,长颈鹿
4,8,ice cream,冰淇淋：一种甜点
4,8,jeans,牛仔裤
4,8,legs,[解剖]腿（leg 的复数）
4,8,orange,橙
4,8,rice,稻
4,8,rose,玫瑰
5,1,bird,小鸟
5,1,car,小汽车
5,1,doctor,医生
5,1,farm,农场
5,1,girl,女孩
5,1,nurse,护士
5,1,park,公园
5,1,purple,紫色
5,1,sister,姐妹
5,1,star,星星
5,1,teacher,老师
5,1,tractor,拖拉机
5,2,book,书本
5,2,boy,男孩
5,2,brown,棕色
5,2,bush,灌木丛
5,2,coin,硬币
5,2,cow,奶牛
5,2,foot,脚
5,2,house,房屋
5,2,mouse,老鼠
5,2,pull,拉/拽
5,2,soil,泥土
5,2,toy,玩具
5,3,august,八月
5,3,ball,球
5,3,board,木板/黑板
5,3,draw,画画
5,3,fork,叉子
5,3,horse,马
5,3,prawn,大虾
5,3,roar,吼叫/咆哮
5,3,sauce,酱汁
5,3,tall,高的
5,3,walk,散步/走路
5,3,water,水
5,4,bear,熊
5,4,bread,面包
5,4,chair,椅子
5,4,cheer,欢呼
5,4,clear,清晰的/清澈的
5,4,deer,小鹿
5,4,ear,耳朵
5,4,hair,头发
5,4,head,头
5,4,pear,梨
5,4,share,分享
5,4,square,正方形
5,5,acorn,橡果
5,5,baby,婴儿/宝宝
5,5,child,孩子/儿童
5,5,cold,寒冷的
5,5,elevator,电梯
5,5,he,他
5,5,hotel,旅馆/酒店
5,5,lady,女士
5,5,music,音乐
5,5,she,她
5,5,tiger,老虎
5,5,uniform,校服/制服
5,6,banana,香蕉
5,6,chicken,小鸡/鸡肉
5,6,gorilla,大猩猩
5,6,honey,蜂蜜
5,6,lemon,柠檬
5,6,love,爱/喜爱
5,6,monkey,猴子
5,6,panda,大熊猫
5,6,pencil,铅笔
5,6,son,儿子
5,6,surprise,惊喜
5,6,umbrella,雨伞
5,7,castle,城堡
5,7,comb,梳子
5,7,glove,手套
5,7,knee,膝盖
5,7,knife,小刀
5,7,lamb,小羊
5,7,live,居住/生活
5,7,rhino,犀牛
5,7,rhubarb,大黄(食用植物)
5,7,whistle,口哨
5,7,write,写字
5,7,wrong,错误的
5,8,beautiful,美丽的
5,8,competition,比赛
5,8,dangerous,危险的
5,8,excursion,远足/短途旅行
5,8,famous,著名的
5,8,helpful,乐于助人的
5,8,measure,测量
5,8,nature,大自然
5,8,picture,图画/照片
5,8,station,车站
5,8,television,电视机
5,8,treasure,宝藏
